# Cuenta,Bancolombia ****USD01,Moneda,USD
fecha,descripcion,referencia,valor,saldo
2026-07-01,SALDO INICIAL,,15000.00,15000.00
2026-07-10,RETIRO ATM CB07,ATM9960,-130000.00,-291900.00
2026-08-13,PAGO A Miami Wholesale LLC,FCB-I-202607-002,-4200.00,10800.00
2026-08-24,RETIRO ATM CB07,ATM5300,-82000.00,-81900.00
2026-09-01,PAGO A Shenzhen Electronics Co,FCB-I-202608-003,-6500.00,4300.00
2026-09-02,RETIRO ATM CB07,ATM9331,-25000.00,-106900.00
2026-09-23,RETIRO ATM CB07,ATM1169,-55000.00,-346900.00
2026-09-26,RETIRO ATM CB07,ATM2138,-55000.00,-161900.00
2026-10-01,PAGO A Miami Wholesale LLC,FCB-I-202609-004,-4200.00,100.00
