# Cuenta,Davivienda ****8890,Moneda,COP
fecha,descripcion,referencia,valor,saldo
2026-07-01,SALDO INICIAL,,25000000.00,25000000.00
2026-07-10,PAGO A Proveedora Nacional Ltda,FCB-R-202607-002,-3776000.00,21224000.00
2026-07-24,PAGO A Transportes Rápidos SAS,FCB-R-202607-003,-531000.00,20693000.00
2026-08-01,PAGO A Servicios Contables Uno,FCB-R-202607-005,-1462500.00,19230500.00
2026-08-06,ABONO CLIENTE Distribuciones Sur Ltda,FCB-E-202607-001,7811420.61,27041920.61
2026-08-06,PAGO A Distribuidora El Sol SAS,FCB-R-202607-001,-2124000.00,24917920.61
2026-08-09,PAGO A Bodegas Centro Ltda,FCB-R-202608-009,-2200000.00,22717920.61
2026-08-13,PAGO A Transportes Rápidos SAS,FCB-R-202608-008,-531000.00,40524014.98
2026-08-14,ABONO CLIENTE Almacenes Vista SAS,FCB-E-202608-004,18337094.37,41055014.98
2026-08-18,RETIRO ATM CB07,ATM7266,-25000.00,77540646.11
2026-08-20,RETIRO ATM CB07,ATM7371,-25000.00,77515646.11
2026-08-28,ABONO CLIENTE Cadena Puntual SAS,FCB-E-202608-005,4984529.20,42889930.68
2026-08-29,PAGO A Distribuidora El Sol SAS,FCB-R-202608-006,-2124000.00,38400014.98
2026-09-03,PAGO A Servicios Contables Uno,FCB-R-202608-010,-1462500.00,37905401.48
2026-09-03,RETIRO ATM CB07,ATM4657,-25000.00,77490646.11
2026-09-05,ABONO CLIENTE Distribuciones Sur Ltda,FCB-E-202608-007,967886.50,39367901.48
2026-09-05,ABONO CLIENTE Cadena Puntual SAS,FCB-E-202608-006,12491174.15,76682515.38
2026-09-12,ABONO CLIENTE Cadena Puntual SAS,FCB-E-202608-008,21301410.55,64191341.23
2026-09-15,RETIRO ATM CB07,ATM8879,-82000.00,77565646.11
2026-09-18,PAGO A Transportes Rápidos SAS,FCB-R-202609-013,-531000.00,76151515.38
2026-09-21,RETIRO ATM CB07,ATM1998,-25000.00,77465646.11
2026-09-24,ABONO CLIENTE Distribuciones Sur Ltda,FCB-E-202609-011,1069293.54,77220808.92
2026-09-26,PAGO A Distribuidora El Sol SAS,FCB-R-202609-011,-2124000.00,73634308.92
2026-09-28,ABONO CLIENTE Cadena Puntual SAS,FCB-E-202609-012,9989337.19,79847646.11
2026-10-04,PAGO A Bodegas Centro Ltda,FCB-R-202609-014,-2200000.00,77647646.11
2026-10-05,PAGO A Servicios Contables Uno,FCB-R-202609-015,-1462500.00,75758308.92
2026-10-12,PAGO A Proveedora Nacional Ltda,FCB-R-202609-012,-3776000.00,69858308.92
