# Cuenta,Bancolombia ****3421,Moneda,COP
fecha,descripcion,referencia,valor,saldo
2026-07-01,SALDO INICIAL,,8000000.00,8000000.00
2026-07-10,RETIRO ATM CB07,ATM2773,-82000.00,29114950.00
2026-07-18,RETIRO ATM CB07,ATM9820,-55000.00,29196950.00
2026-07-24,PAGO A ETB,FCA-R-202607-003,-160000.00,7840000.00
2026-07-30,ABONO CLIENTE Fundación Progresar,FCA-E-202607-001,2856000.00,10516000.00
2026-07-31,PAGO A Codensa SA ESP,FCA-R-202607-002,-180000.00,7660000.00
2026-08-09,PAGO A Arrendamientos Bogotá SA,FCA-R-202607-001,-600000.00,9916000.00
2026-08-09,ABONO CLIENTE Fundación Progresar,FCA-E-202607-002,10710000.00,20626000.00
2026-08-27,PAGO A Codensa SA ESP,FCA-R-202608-007,-180000.00,20446000.00
2026-08-27,PAGO A Papelería Central,FCA-R-202608-009,-113050.00,27679950.00
2026-08-31,ABONO CLIENTE Grupo Educativo Norte,FCA-E-202608-003,2856000.00,23302000.00
2026-09-03,ABONO CLIENTE Inversiones El Roble SAS,FCA-E-202608-004,5355000.00,28657000.00
2026-09-07,RETIRO ATM CB07,ATM7593,-25000.00,29251950.00
2026-09-10,PAGO A Estudio Legal & Asociados,FCA-R-202608-010,-864000.00,27793000.00
2026-09-25,PAGO A ETB,FCA-R-202609-013,-160000.00,27519950.00
2026-09-25,ABONO CLIENTE Grupo Educativo Norte,FCA-E-202609-006,2856000.00,30375950.00
2026-09-26,RETIRO ATM CB07,ATM1800,-130000.00,28984950.00
2026-09-27,RETIRO ATM CB07,ATM6232,-55000.00,29276950.00
2026-09-29,PAGO A Estudio Legal & Asociados,FCA-R-202609-015,-864000.00,29331950.00
2026-10-13,PAGO A Codensa SA ESP,FCA-R-202609-012,-180000.00,30195950.00
